fid,cat,Field_ID,Type,Water,Serial,Date_Deplo,Time_Deplo,Date_Pulle,Time_Pulle,Northings,Eastings,Elevation,Average_Ma,Maximum_Ma,Average_In,Maximum_In,Portion_of,Depth_Dura,H_OFD_Chan,H_OFD_Out1,EucDisStrm,EucDisOut_,ChaDisDif,OutDisDif
1,"1",21b,Creek,Salt,"20358395",9/15/2022,4:00:00 PM,10/7/2022,1:30 PM,4613715.807000000961125,413682.257999999972526,0.158000000000000,0.333900000000000,0.628000000000000,303.333333299999993,"460",0.171900000000000,0.057390000000000,4.328426837921143,569.967895507812500,3.266841613513457,266.491589886306542,1.0616,303.4763
2,"2","41",Plat,?,"21071951",9/15/2022,4:00:00 PM,10/7/2022,1:30 PM,4613967.220999999903142,413686.907999999995809,0.384000000000000,0.213100000000000,0.346000000000000,281.363636400000019,"430",0.133900000000000,0.028540000000000,72.526939392089844,667.782307434082099,63.224337859489253,514.040070422853432,9.3026,153.7422
3,"3","36",Pond,Salt,"21384536",9/15/2022,4:00:00 PM,10/7/2022,1:30 PM,4613615.567999999970198,413650.662999999942258,0.254000000000000,0.229700000000000,0.502000000000000,257.727272700000015,"430",0.143300000000000,0.032910000000000,51.927684783935547,253.903793334960938,23.622276468186502,161.536489647481659,28.3054,92.3673
4,"4","2",Plat,Salt,"21384576",9/15/2022,4:00:00 PM,10/7/2022,1:30 PM,4613632.416000000201166,413349.214000000036322,0.749000000000000,0.000000000000000,0.000000000000000,0.000000000000000,"0",0.000000000000000,0.000000000000000,109.594963073730469,702.067687988281250,81.121630242675252,315.582878498818729,28.4733,386.4848
5,"5","28",Plat,Salt,"21384591",9/15/2022,4:00:00 PM,10/7/2022,1:30 PM,4613816.162999999709427,413694.162000000011176,0.570000000000000,0.110000000000000,0.199000000000000,164.000000000000000,"230",0.048600000000000,0.005350000000000,41.066772460937507,556.189086914062500,19.940338786742199,366.767136043702067,21.1264,189.4220
6,"6","20",Plat,Salt,"21384595",9/15/2022,4:00:00 PM,10/7/2022,1:30 PM,4613713.497999999672174,413689.564000000013039,0.414000000000000,0.159200000000000,0.305000000000000,192.727272699999986,"300",0.085800000000000,0.013660000000000,11.113962173461914,575.796508789062500,4.364869084979522,266.283070424146388,6.7491,309.5134
7,"7","19",Plat,Salt,"21384618",9/15/2022,4:00:00 PM,10/7/2022,1:30 PM,4613702.622000000439584,413707.797000000020489,0.522000000000000,0.112500000000000,0.199000000000000,160.000000000000000,"230",0.048400000000000,0.005440000000000,32.799003601074219,586.860961914062500,19.146959327837155,261.952479420449890,13.6520,324.9085
8,"8","31",Plat,Salt,"21384635",9/15/2022,4:00:00 PM,10/7/2022,1:30 PM,4613827.644000000320375,413671.684000000008382,0.682000000000000,0.059700000000000,0.082000000000000,86.666666669999998,"130",0.010400000000000,0.000620000000000,62.787353515625000,622.631164550781364,29.660937080846622,373.764037585206893,33.1264,248.8671
9,"9","3",Plat,Salt,"21384636",9/15/2022,4:00:00 PM,10/7/2022,1:30 PM,4613659.604000000283122,413347.099999999976717,0.683000000000000,0.056500000000000,0.065000000000000,95.000000000000000,"100",0.005600000000000,0.000310000000000,73.824134826660156,666.296081542968750,55.711281066364535,333.019790388386184,18.1129,333.2763
10,"10","18",Plat,Salt,"21384644",9/15/2022,4:00:00 PM,10/7/2022,1:30 PM,4613689.953999999910593,413711.381999999983236,0.537000000000000,0.096500000000000,0.190000000000000,140.000000000000000,"220",0.043500000000000,0.004200000000000,95.575950622558594,640.068481445312500,31.942429859212293,251.578947734264773,63.6335,388.4895
11,"11","6",Plat,?,"21384647",9/15/2022,4:00:00 PM,10/7/2022,1:30 PM,4613713.161999999545515,413345.903999999980442,0.486000000000000,0.140200000000000,0.233000000000000,200.000000000000000,"280",0.066800000000000,0.009370000000000,3.914213180541992,616.963745117187500,3.309023682315436,368.700011049897853,0.6052,248.2637
12,"12","16",Plat,Salt,"21384654",9/15/2022,4:00:00 PM,10/7/2022,1:30 PM,4613644.326999999582767,413751.234999999986030,0.539000000000000,0.128400000000000,0.264000000000000,161.818181799999991,"250",0.049100000000000,0.006300000000000,77.537361145019531,474.466552734375000,37.703528194735725,231.779424078006429,39.8338,242.6871
13,"13","22",Pond,Salt,"21384656",9/15/2022,4:00:00 PM,10/7/2022,1:30 PM,4613701.398000000044703,413713.053000000014435,0.446000000000000,0.044300000000000,0.319000000000000,8463.169810999999754,"15380",0.380300000000000,0.016840000000000,34.920322418212891,574.521545410156250,23.144103601415896,262.776343307690070,11.7762,311.7452
14,"14","32",Plat,Salt,"21384660",9/15/2022,4:00:00 PM,10/7/2022,1:30 PM,4613824.007000000216067,413666.411000000021886,0.666000000000000,0.053300000000000,0.079000000000000,77.500000000000000,"130",0.009400000000000,0.000500000000000,88.919090270996094,604.043029785156250,26.555478227953028,369.368249603671813,62.3636,234.6748
15,"15","25",Plat,Salt,"21384665",9/15/2022,4:00:00 PM,10/7/2022,1:30 PM,4613591.214999999850988,413750.342999999993481,0.274000000000000,0.234100000000000,0.480000000000000,249.090909100000005,"410",0.130600000000000,0.030580000000000,34.049003601074219,437.860168457031307,11.870323767142455,191.219727717686652,22.1787,246.6404
16,"16","33",Plat,Salt,"21384670",9/15/2022,4:00:00 PM,10/7/2022,1:30 PM,4613829.303999999538064,413658.322999999974854,0.634000000000000,0.080700000000000,0.123000000000000,121.666666699999993,"180",0.021800000000000,0.001760000000000,38.230987548828125,567.594665527343750,16.925004045210468,373.533434935495222,21.3060,194.0612
17,"17","40",Plat,?,"21384682",9/15/2022,4:00:00 PM,10/7/2022,1:30 PM,4613965.576000000350177,413689.936999999976251,0.500000000000000,0.112300000000000,0.192000000000000,217.272727300000014,"330",0.079000000000000,0.008870000000000,75.605369567871094,670.860737609863349,62.868453577451255,512.860550877559945,12.7369,158.0002
18,"18",1a,Edge,Salt,"21384699",9/15/2022,4:00:00 PM,10/7/2022,1:30 PM,4613628.583999999798834,413356.378000000026077,0.744000000000000,0.000000000000000,0.000000000000000,0.000000000000000,"0",0.000000000000000,0.000000000000000,89.963226318359375,682.435424804687500,83.611138055226263,307.493841125351764,6.3521,374.9416
19,"19","26",Pond,Salt,"21410921",9/15/2022,4:00:00 PM,10/7/2022,1:30 PM,4613599.152999999932945,413738.357000000018161,0.128000000000000,0.086500000000000,0.634000000000000,1491.260504000000083,"3860",0.347300000000000,0.030030000000000,24.909914016723633,428.721160888671875,18.881872098496700,188.614176613905272,6.0280,240.1070
20,"20",37a,Plat,?,"21410924",9/15/2022,4:00:00 PM,10/7/2022,1:30 PM,4613958.274000000208616,413716.277000000001863,0.704000000000000,0.051600000000000,0.077000000000000,308.672566399999994,"580",0.098700000000000,0.005100000000000,121.982810974121094,717.238156127929642,72.222991494379443,510.336426432535859,49.7598,206.9017
21,"21","7",Creek,Brackish,"21410927",9/15/2022,4:00:00 PM,10/7/2022,1:30 PM,4613717.502999999560416,413346.158999999985099,0.002000000000000,0.121700000000000,0.746000000000000,4608.030302999999549,"9250",0.395400000000000,0.048140000000000,0.000000000000000,613.860168457031250,0.000000000000000,371.527183598381271,0.0000,242.3330
22,"22","11",Plat,?,"21410928",9/15/2022,4:00:00 PM,10/7/2022,1:30 PM,4613726.047000000253320,413361.580000000016298,0.572000000000000,0.095400000000000,0.173000000000000,156.666666700000007,"230",0.042500000000000,0.004060000000000,11.742641448974608,608.981628417968750,9.348397367618213,366.811480404229542,2.3942,242.1701
23,"23","35",Ditch,Salt,"21410929",9/15/2022,4:00:00 PM,10/7/2022,1:30 PM,4613603.503999999724329,413766.418000000005122,0.040000000000000,0.297700000000000,0.702000000000000,672.000000000000000,"2090",0.239200000000000,0.071220000000000,0.000000000000000,395.619384765625000,0.000000000000000,211.335138130152956,0.0000,184.2842
24,"24","38",Plat,?,"21410932",9/15/2022,4:00:00 PM,10/7/2022,1:30 PM,4613957.856999999843538,413709.266000000003260,0.716000000000000,0.000000000000000,0.000000000000000,0.000000000000000,"0",0.000000000000000,0.000000000000000,115.215042114257812,710.470410156249955,67.036369956615133,508.549045017481092,48.1787,201.9214
25,"25","42",Creek,Salt,"21410933",9/15/2022,4:00:00 PM,10/7/2022,1:30 PM,4613840.686999999918044,413643.527999999991152,-0.157000000000000,0.487400000000000,0.766000000000000,529.230769200000054,"840",0.290400000000000,0.141530000000000,0.000000000000000,525.808532714843750,0.000000000000000,383.356229072226085,0.0000,142.4523
26,"26","5",Plat,Salt,"21410972",9/15/2022,4:00:00 PM,10/7/2022,1:30 PM,4613687.444000000134110,413342.267999999923632,0.628000000000000,0.069200000000000,0.104000000000000,112.000000000000000,"170",0.015400000000000,0.001070000000000,46.470577239990234,669.660461425781250,29.036447353231026,354.202349797363468,17.4341,315.4581
27,"27","8",Plat,?,"21411051",9/15/2022,4:00:00 PM,10/7/2022,1:30 PM,4613719.021999999880791,413346.092000000004191,0.400000000000000,0.213500000000000,0.345000000000000,241.538461500000011,"330",0.099200000000000,0.021190000000000,1.000000000000000,615.213745117187500,0.674506138132954,372.635724601076333,0.3255,242.5780
28,"28","24",Plat,Salt,"21411058",9/15/2022,4:00:00 PM,10/7/2022,1:30 PM,4613591.112999999895692,413725.864999999990687,0.442000000000000,0.165700000000000,0.347000000000000,200.000000000000000,"310",0.080000000000000,0.013260000000000,61.208923339843750,465.019744873046875,10.004563195692114,174.338770550909146,51.2044,290.6810
29,"29","15",Plat,Salt,"21411061",9/15/2022,4:00:00 PM,10/7/2022,1:30 PM,4613627.055999999865890,413749.148000000044703,0.484000000000000,0.172500000000000,0.327000000000000,204.285714299999995,"290",0.072200000000000,0.012450000000000,43.998756408691406,447.809814453125000,21.310538607504625,216.862968388582573,22.6882,230.9468
30,"30","13",Plat,Salt,"21411074",9/15/2022,4:00:00 PM,10/7/2022,1:30 PM,4613584.734000000171363,413781.797000000020489,0.415000000000000,0.201500000000000,0.367000000000000,229.333333299999993,"320",0.086600000000000,0.017450000000000,29.159912109375000,417.071868896484375,14.922633357668598,211.050570271252411,14.2373,206.0213
31,"31","12",Edge,Salt,"21411121",9/15/2022,4:00:00 PM,10/7/2022,1:30 PM,4613577.421000000089407,413795.965000000025611,0.776000000000000,0.000000000000000,0.000000000000000,0.000000000000000,"0",0.000000000000000,0.000000000000000,75.466278076171875,472.395629882812500,28.488800000050105,218.509341111958491,46.9775,253.8863
32,"32","9",Plat,?,"21440242",9/15/2022,4:00:00 PM,10/7/2022,1:30 PM,4613727.776999999769032,413344.566999999980908,0.530000000000000,0.105400000000000,0.210000000000000,160.909090899999995,"250",0.057700000000000,0.006080000000000,16.346197128295898,639.328125000000000,9.309521230102357,379.881187934083130,7.0367,259.4469
33,"33","4",Plat,Salt,"21440243",9/15/2022,4:00:00 PM,10/7/2022,1:30 PM,4613670.924999999813735,413344.032999999995809,0.596000000000000,0.073500000000000,0.123000000000000,133.333333299999993,"210",0.031100000000000,0.002290000000000,62.291652679443359,685.481994628906250,45.206537074934872,342.373729446553398,17.0851,343.1083
34,"34","10",Plat,?,"21440244",9/15/2022,4:00:00 PM,10/7/2022,1:30 PM,4613732.627000000327826,413344.570000000006985,0.549000000000000,0.103100000000000,0.199000000000000,162.500000000000000,"250",0.051900000000000,0.005350000000000,21.924627304077148,644.906738281250000,14.078271532804539,383.331275840291767,7.8464,261.5755
35,"35","17",Plat,Salt,"21440245",9/15/2022,4:00:00 PM,10/7/2022,1:30 PM,4613659.179999999701977,413729.289999999979045,0.521000000000000,0.113200000000000,0.213000000000000,152.500000000000000,"230",0.051400000000000,0.005820000000000,84.405624389648438,714.472351074218750,58.276932490600586,232.071161621041114,26.1287,482.4012
36,"36","34",Plat,Salt,"21440246",9/15/2022,4:00:00 PM,10/7/2022,1:30 PM,4613832.258999999612570,413648.657999999995809,0.507000000000000,0.123100000000000,0.232000000000000,174.000000000000000,"250",0.061500000000000,0.007580000000000,30.299003601074219,559.662475585937500,7.180507289166462,375.414906819761427,23.1185,184.2476
37,"37","39",Plat,?,"21440247",9/15/2022,4:00:00 PM,10/7/2022,1:30 PM,4613959.379999999888241,413698.102999999944586,0.775000000000000,0.057000000000000,0.057000000000000,150.000000000000000,"150",0.008900000000000,0.000510000000000,89.211982727050781,684.467350769042923,61.371715784756617,508.047076967051908,27.8403,176.4203
38,"38","27",Plat,Salt,"21440248",9/15/2022,4:00:00 PM,10/7/2022,1:30 PM,4613807.940999999642372,413705.112000000022817,0.267000000000000,0.205200000000000,0.402000000000000,215.625000000000000,"340",0.113900000000000,0.023380000000000,12.363962173461914,541.635498046875000,6.397245198523550,361.401933452483092,5.9667,180.2336
39,"39","30",Plat,Salt,"21440249",9/15/2022,4:00:00 PM,10/7/2022,1:30 PM,4613824.452999999746680,413677.148999999975786,0.671000000000000,0.045800000000000,0.075000000000000,67.500000000000000,"120",0.008400000000000,0.000380000000000,78.822891235351562,593.946533203125000,35.952480653281263,371.523883298427336,42.8704,222.4226
40,"40","29",Plat,Salt,"21440250",9/15/2022,4:00:00 PM,10/7/2022,1:30 PM,4613818.866999999620020,413682.844999999972060,0.630000000000000,0.093800000000000,0.173000000000000,121.666666699999993,"180",0.015900000000000,0.001500000000000,59.173385620117188,574.296386718750000,31.163765984421389,367.071346363564999,28.0096,207.2250
41,"41","23",Plat,Salt,"21384654",9/15/2022,4:00:00 PM,10/7/2022,1:30 PM,4613644.321000000461936,413751.239999999990687,0.543000000000000,,,,,,,77.537361145019531,474.466552734375000,37.696919330323091,231.777619128484787,39.8404,242.6889
44,,,Inlet,,,,,,,,,,,,,,,,,,,,,
