Field ID,Type,Water,Serial,Date Deployed,Time Deployed,Date Pulled,Time Pulled,Northings,Eastings,Elevation,Average Maximum Inundation Depth (m),Maximum Maximum Inundation Depth (m),Average Inundation Duration (min),Maximum Inundation Duration (min),Portion of Time Inundated,Depth*Duration Flood Metric
21b,Creek,Salt,20358395,9/15/2022,4:00:00 PM,10/7/2022,1:30 PM,4613715.807,413682.258,0.158,0.3339,0.628,303.3333333,460,0.1719,0.05739
41,Plat,?,21071951,9/15/2022,4:00:00 PM,10/7/2022,1:30 PM,4613967.221,413686.908,0.384,0.2131,0.346,281.3636364,430,0.1339,0.02854
36,Pond,Salt,21384536,9/15/2022,4:00:00 PM,10/7/2022,1:30 PM,4613615.568,413650.663,0.254,0.2297,0.502,257.7272727,430,0.1433,0.03291
2,Plat,Salt,21384576,9/15/2022,4:00:00 PM,10/7/2022,1:30 PM,4613632.416,413349.214,0.749,0,0,0,0,0,0
28,Plat,Salt,21384591,9/15/2022,4:00:00 PM,10/7/2022,1:30 PM,4613816.163,413694.162,0.57,0.11,0.199,164,230,0.0486,0.00535
20,Plat,Salt,21384595,9/15/2022,4:00:00 PM,10/7/2022,1:30 PM,4613713.498,413689.564,0.414,0.1592,0.305,192.7272727,300,0.0858,0.01366
19,Plat,Salt,21384618,9/15/2022,4:00:00 PM,10/7/2022,1:30 PM,4613702.622,413707.797,0.522,0.1125,0.199,160,230,0.0484,0.00544
31,Plat,Salt,21384635,9/15/2022,4:00:00 PM,10/7/2022,1:30 PM,4613827.644,413671.684,0.682,0.0597,0.082,86.66666667,130,0.0104,0.00062
3,Plat,Salt,21384636,9/15/2022,4:00:00 PM,10/7/2022,1:30 PM,4613659.604,413347.1,0.683,0.0565,0.065,95,100,0.0056,0.00031
18,Plat,Salt,21384644,9/15/2022,4:00:00 PM,10/7/2022,1:30 PM,4613689.954,413711.382,0.537,0.0965,0.19,140,220,0.0435,0.0042
6,Plat,?,21384647,9/15/2022,4:00:00 PM,10/7/2022,1:30 PM,4613713.162,413345.904,0.486,0.1402,0.233,200,280,0.0668,0.00937
16,Plat,Salt,21384654,9/15/2022,4:00:00 PM,10/7/2022,1:30 PM,4613644.327,413751.235,0.539,0.1284,0.264,161.8181818,250,0.0491,0.0063
22,Pond,Salt,21384656,9/15/2022,4:00:00 PM,10/7/2022,1:30 PM,4613701.398,413713.053,0.446,0.0443,0.319,8463.169811,15380,0.3803,0.01684
32,Plat,Salt,21384660,9/15/2022,4:00:00 PM,10/7/2022,1:30 PM,4613824.007,413666.411,0.666,0.0533,0.079,77.5,130,0.0094,0.0005
25,Plat,Salt,21384665,9/15/2022,4:00:00 PM,10/7/2022,1:30 PM,4613591.215,413750.343,0.274,0.2341,0.48,249.0909091,410,0.1306,0.03058
33,Plat,Salt,21384670,9/15/2022,4:00:00 PM,10/7/2022,1:30 PM,4613829.304,413658.323,0.634,0.0807,0.123,121.6666667,180,0.0218,0.00176
40,Plat,?,21384682,9/15/2022,4:00:00 PM,10/7/2022,1:30 PM,4613965.576,413689.937,0.5,0.1123,0.192,217.2727273,330,0.079,0.00887
1a,Edge,Salt,21384699,9/15/2022,4:00:00 PM,10/7/2022,1:30 PM,4613628.584,413356.378,0.744,0,0,0,0,0,0
26,Pond,Salt,21410921,9/15/2022,4:00:00 PM,10/7/2022,1:30 PM,4613599.153,413738.357,0.128,0.0865,0.634,1491.260504,3860,0.3473,0.03003
37a,Plat,?,21410924,9/15/2022,4:00:00 PM,10/7/2022,1:30 PM,4613958.274,413716.277,0.704,0.0516,0.077,308.6725664,580,0.0987,0.0051
7,Creek,Brackish,21410927,9/15/2022,4:00:00 PM,10/7/2022,1:30 PM,4613717.503,413346.159,0.002,0.1217,0.746,4608.030303,9250,0.3954,0.04814
11,Plat,?,21410928,9/15/2022,4:00:00 PM,10/7/2022,1:30 PM,4613726.047,413361.58,0.572,0.0954,0.173,156.6666667,230,0.0425,0.00406
35,Ditch,Salt,21410929,9/15/2022,4:00:00 PM,10/7/2022,1:30 PM,4613603.504,413766.418,0.04,0.2977,0.702,672,2090,0.2392,0.07122
38,Plat,?,21410932,9/15/2022,4:00:00 PM,10/7/2022,1:30 PM,4613957.857,413709.266,0.716,0,0,0,0,0,0
42,Creek,Salt,21410933,9/15/2022,4:00:00 PM,10/7/2022,1:30 PM,4613840.687,413643.528,-0.157,0.4874,0.766,529.2307692,840,0.2904,0.14153
5,Plat,Salt,21410972,9/15/2022,4:00:00 PM,10/7/2022,1:30 PM,4613687.444,413342.268,0.628,0.0692,0.104,112,170,0.0154,0.00107
8,Plat,?,21411051,9/15/2022,4:00:00 PM,10/7/2022,1:30 PM,4613719.022,413346.092,0.4,0.2135,0.345,241.5384615,330,0.0992,0.02119
24,Plat,Salt,21411058,9/15/2022,4:00:00 PM,10/7/2022,1:30 PM,4613591.113,413725.865,0.442,0.1657,0.347,200,310,0.08,0.01326
15,Plat,Salt,21411061,9/15/2022,4:00:00 PM,10/7/2022,1:30 PM,4613627.056,413749.148,0.484,0.1725,0.327,204.2857143,290,0.0722,0.01245
13,Plat,Salt,21411074,9/15/2022,4:00:00 PM,10/7/2022,1:30 PM,4613584.734,413781.797,0.415,0.2015,0.367,229.3333333,320,0.0866,0.01745
12,Edge,Salt,21411121,9/15/2022,4:00:00 PM,10/7/2022,1:30 PM,4613577.421,413795.965,0.776,0,0,0,0,0,0
9,Plat,?,21440242,9/15/2022,4:00:00 PM,10/7/2022,1:30 PM,4613727.777,413344.567,0.53,0.1054,0.21,160.9090909,250,0.0577,0.00608
4,Plat,Salt,21440243,9/15/2022,4:00:00 PM,10/7/2022,1:30 PM,4613670.925,413344.033,0.596,0.0735,0.123,133.3333333,210,0.0311,0.00229
10,Plat,?,21440244,9/15/2022,4:00:00 PM,10/7/2022,1:30 PM,4613732.627,413344.57,0.549,0.1031,0.199,162.5,250,0.0519,0.00535
17,Plat,Salt,21440245,9/15/2022,4:00:00 PM,10/7/2022,1:30 PM,4613659.18,413729.29,0.521,0.1132,0.213,152.5,230,0.0514,0.00582
34,Plat,Salt,21440246,9/15/2022,4:00:00 PM,10/7/2022,1:30 PM,4613832.259,413648.658,0.507,0.1231,0.232,174,250,0.0615,0.00758
39,Plat,?,21440247,9/15/2022,4:00:00 PM,10/7/2022,1:30 PM,4613959.38,413698.103,0.775,0.057,0.057,150,150,0.0089,0.00051
27,Plat,Salt,21440248,9/15/2022,4:00:00 PM,10/7/2022,1:30 PM,4613807.941,413705.112,0.267,0.2052,0.402,215.625,340,0.1139,0.02338
30,Plat,Salt,21440249,9/15/2022,4:00:00 PM,10/7/2022,1:30 PM,4613824.453,413677.149,0.671,0.0458,0.075,67.5,120,0.0084,0.00038
29,Plat,Salt,21440250,9/15/2022,4:00:00 PM,10/7/2022,1:30 PM,4613818.867,413682.845,0.63,0.0938,0.173,121.6666667,180,0.0159,0.0015
,,,,,,,,,,,,,,,,
,,,,,,,,,,,,,,,,
,,,,,,,,,,,,,,,,
23,Plat,Salt,21384654,9/15/2022,4:00:00 PM,10/7/2022,1:30 PM,4613644.321,413751.24,0.543,,,,,,
43,Creek,Brackish,21071954,9/15/2022,4:00:00 PM,10/7/2022,1:30 PM,,,,0.0678,0.47,1779.52,4360,0.3425,0.02321