Serial_Number,Proportion_Time_Inundated,Median_Time_Inundated,Median_Inundation_Level,Elevation,Type,Percentile_80_Depth,Percentile_95_Depth,Wet_75_Percentile_Depth,Easting,Northing,Site
20358395,0.4273477157360406,5.166666666666667,0.23750000000000004,0.158,Creek,0.271,0.447,0.378,413682.258,4613715.807,RED
21071951,0.3324873096446701,4.583333333333333,0.15499999999999992,0.384,Plat,0.145,0.277,0.249,413686.908,4613967.221,RED
21384536,0.33280456852791873,4.333333333333333,0.16599999999999998,0.254,Pond,0.15360000000000035,0.325,0.286,413650.663,4613615.568,RED
21384576,0.0015862944162436943,1,0.01200000000000001,0.749,Plat,0,0.005,0.035,413349.214,4613632.416,RED
21384591,0.10279187817258884,3,0.06399999999999995,0.57,Plat,0,0.086,0.136,413694.162,4613816.163,RED
21384595,0.19384517766497467,3.5833333333333335,0.11000000000000004,0.414,Plat,0.013,0.189,0.19,413689.564,4613713.498,RED
21384618,0.10215736040609136,3,0.06149999999999989,0.522,Plat,0,0.083,0.135,413707.797,4613702.622,RED
21384635,0.024111675126903598,1.6666666666666667,0.03600000000000003,0.682,Plat,0,0.001,0.09,413671.684,4613827.644,RED
21384636,0.017449238578680193,1.6666666666666667,0.034499999999999975,0.683,Plat,0.001,0.008,0.0735,413347.1,4613659.604,RED
21384644,0.09232233502538068,2.8333333333333335,0.05999999999999994,0.537,Plat,0.001,0.07644999999999982,0.1295,413711.382,4613689.954,RED
21384647,0.14467005076142136,3.25,0.08499999999999996,0.486,Plat,0,0.129,0.15,413345.904,4613713.162,RED
21384654,0.10374365482233505,2.6666666666666665,0.06799999999999995,0.539,Plat,0.002,0.09144999999999981,0.14100000000000001,413751.235,4613644.327,RED
21384656,0.962246192893401,73.16666666666667,0.014999999999999958,0.446,Pond,0.042800000000000185,0.1494499999999998,0.041,413713.053,4613701.398,RED
21384660,0.022525380710659904,1.5833333333333333,0.03600000000000003,0.666,Plat,0.002,0.009,0.0835,413666.411,4613824.007,RED
21384665,0.31123096446700504,4.5,0.15999999999999998,0.274,Plat,0.131,0.307,0.273,413750.343,4613591.215,RED
21384670,0.04505076142131981,2.0833333333333335,0.04599999999999993,0.634,Plat,0,0.014449999999999817,0.10275000000000001,413658.323,4613829.304,RED
21384682,0.17544416243654826,3.8333333333333335,0.07499999999999996,0.5,Plat,0.008,0.1254499999999998,0.134,413689.937,4613965.576,RED
21384699,0,NA,NA,0.744,Edge,0,0,NA,413356.378,4613628.584,RED
21410921,0.8115482233502538,0.3333333333333333,0.058000000000000024,0.128,Pond,0.2798000000000002,0.45344999999999985,0.27675000000000005,413738.357,4613599.153,RED
21410924,0.1408629441624365,0.5833333333333334,0.027000000000000024,0.704,Plat,0.006,0.05,0.053,413716.277,4613958.274,RED
21410927,0.9390862944162437,0.3333333333333333,0.122,0.002,Creek,0.459,0.6394499999999999,0.414,413346.159,4613717.503,RED
21410928,0.09200507614213194,2.75,0.04999999999999993,0.572,Plat,0.001,0.06644999999999983,0.115,413361.58,4613726.047,RED
21410929,0.5901015228426396,6.333333333333333,0.22899999999999998,0.04,Ditch,0.35,0.526,0.405,413766.418,4613603.504,RED
21410932,0.0038071065989847552,2.1666666666666665,0.014000000000000012,0.716,Plat,0.004,0.007,0.043,413709.266,4613957.857,RED
21410933,0.725253807106599,8.5,0.31400000000000006,-0.157,Creek,0.517,0.693,0.537,413643.528,4613840.687,RED
21410972,0.037753807106599035,2.3333333333333335,0.03700000000000003,0.628,Plat,0,0.007,0.0915,413342.268,4613687.444,RED
21411051,0.2350888324873096,3.8333333333333335,0.14300000000000002,0.4,Plat,0.065,0.241,0.229,413346.092,4613719.022,RED
21411058,0.1798857868020305,3.5,0.09800000000000003,0.442,Plat,0.005,0.169,0.177,413725.865,4613591.113,RED
21411061,0.16180203045685282,3.3333333333333335,0.09399999999999997,0.484,Plat,0.003,0.155,0.16875,413749.148,4613627.056,RED
21411074,0.19796954314720816,3.8333333333333335,0.10599999999999993,0.415,Plat,0.01880000000000018,0.192,0.19225000000000003,413781.797,4613584.734,RED
21411121,0,NA,NA,0.776,Edge,0.001,0.008,NA,413795.965,4613577.421,RED
21440242,0.12182741116751272,3.1666666666666665,0.06599999999999995,0.53,Plat,0.004,0.099,0.13625,413344.567,4613727.777,RED
21440243,0.06789340101522845,2.5,0.041000000000000036,0.596,Plat,0.004800000000000183,0.037,0.099,413344.033,4613670.925,RED
21440244,0.11104060913705582,3.1666666666666665,0.061999999999999944,0.549,Plat,0,0.09044999999999981,0.13275,413344.57,4613732.627,RED
21440245,0.10723350253807107,2.8333333333333335,0.07099999999999995,0.521,Plat,0,0.09544999999999981,0.14675,413729.29,4613659.18,RED
21440246,0.1316624365482234,3,0.07799999999999996,0.507,Plat,0.007,0.11444999999999983,0.148,413648.658,4613832.259,RED
21440247,0.02601522842639592,2.4166666666666665,0.029000000000000026,0.775,Plat,0.002,0.007,0.05675,413698.103,4613959.38,RED
21440248,0.27474619289340096,4,0.16199999999999998,0.267,Plat,0.112,0.28744999999999976,0.26675000000000004,413705.112,4613807.941,RED
21440249,0.019987309644670104,1.5833333333333333,0.03750000000000009,0.671,Plat,0.003,0.008,0.0825,413677.149,4613824.453,RED
21440250,0.035532994923857864,2.1666666666666665,0.04349999999999998,0.63,Plat,0,0.007,0.102,413682.845,4613818.867,RED
20358395,0.8668648827221672,10.333333333333334,1.112,-0.97,Creek,1.88,2.273,1.836,347676.432,4737474.414,OTH
21071951,1,501.6666666666667,0.068,0.155,Ditch,0.8062000000000002,1.21,0.6662500000000001,347881.449,4737028.548,OTH
21071954,0.15028136378682555,2.4166666666666665,0.20599999999999996,1.084,Plat,0,0.293,0.31875000000000003,347478.86,4737219.458,OTH
21384536,0.013916500994035741,1.8333333333333333,0.04600000000000004,1.435,Plat,0,0,0.1115,347711.901,4737440.109,OTH
21384576,0.004634227077126796,1.1666666666666667,0.03699999999999992,1.512,Plat,0,0,0.08700000000000001,347479.758,4737227.709,OTH
21384591,0.06770660471291068,1.6666666666666667,0.05800000000000005,1.303,Plat,0,0.054,0.104,347983.415,4737095.445,OTH
21384595,0.36544850498338866,3.4166666666666665,0.17200000000000004,0.809,Ditch,0.14320000000000027,0.5365499999999997,0.442,347918.256,4737052.246,OTH
21384618,0.009277667329357198,1.8333333333333333,0.05549999999999988,1.451,Plat,0,0,0.104,347687.325,4737453.218,OTH
21384636,0.006642311524410527,1.6666666666666667,0.053999999999999826,1.468,Plat,0,0,0.1065,347756.81,4736912.161,OTH
21384644,0.013625789298770341,1.75,0.043500000000000094,1.398,Plat,0,0,0.103,347791.414,4737118.943,OTH
21384647,0.0365084633255891,0.6666666666666666,0.020999999999999908,1.416,Plat,0,0.011,0.077,348023.79,4737056.221,OTH
21384654,0.007294429708222805,1.8333333333333333,0.0665,1.434,Plat,0,0,0.11775,347618.47,4737303.043,OTH
21384656,1,501.5,0.1259999999999999,1.163,Pond,0.173,0.204,0.163,347815.294,4737186.793,OTH
21384660,0.1628599801390268,2.5833333333333335,0.21599999999999997,1.086,Plat,0,0.321,0.339,347483.126,4737232.915,OTH
21384665,0.5966135458167331,0.5,0.018999999999999906,1.35,Pond,0.055,0.083,0.061,347982.458,4736965.252,OTH
21384670,0,NA,NA,2.102,Edge,0,0,NA,347752.487,4737424.853,OTH
21384682,0.007638658253072084,1.9166666666666667,0.05499999999999994,1.474,Plat,0,0,0.1095,347759.286,4736918.467,OTH
21384699,0.007306542676851491,1.8333333333333333,0.06150000000000011,1.468,Plat,0,0,0.11125,347768.035,4736929.377,OTH
21410921,1,504.1666666666667,0.954,-1.011,Creek,1.9542000000000002,2.3535999999999997,1.818,347788.471,4736955.45,OTH
21410924,0.9970287223506108,111,1.3215,-1.361,Creek,2.324,2.7425999999999995,2.188,347470.902,4737217.269,OTH
21410927,1,503.8333333333333,0.865,-0.935,Creek,1.8725999999999998,2.26,1.7255,347973.433,4737099.098,OTH
21410928,1,504.8333333333333,1.504,-1.558,Creek,2.5254,2.933,2.383,347490.145,4737240.428,OTH
21410929,1,501.8333333333333,0.40099999999999997,-0.445,Ditch,1.404,1.802,1.265,347875.879,4736943.684,OTH
21410932,0.012582781456953684,1.5833333333333333,0.05899999999999994,1.445,Plat,0,0.004,0.1295,347386.78,4737259.771,OTH
21410933,0.24437086092715232,3.3333333333333335,0.35,0.824,Plat,0.146,0.551,0.522,347339.43,4737291.969,OTH
21410972,0.009933774834437137,1.0833333333333333,0.05950000000000011,1.478,Plat,0,0.01,0.11775,347437.236,4737244.131,OTH
21411051,0.04346383543463839,1.1666666666666667,0.028999999999999915,1.377,Plat,0,0.011,0.084,348005.078,4737073.502,OTH
21411058,0.007294429708222805,1.9166666666666667,0.05800000000000005,1.438,Plat,0,0.006,0.11275,347603.371,4737279.787,OTH
21411061,0.25745526838966204,3.3333333333333335,0.351,0.75,Ditch,0.16659999999999991,0.56315,0.527,347690.346,4737435.391,OTH
21411074,0.006955945677376563,1.75,0.06299999999999994,1.493,Plat,0,0,0.12,347517.386,4737197.713,OTH
21411121,0.05184446660019937,1.3333333333333333,0.04800000000000004,1.323,Plat,0,0.02359999999999991,0.1055,347748.371,4737064.348,OTH
21440242,0.04078249336870021,1.1666666666666667,0.03400000000000003,1.354,Plat,0,0.004,0.10300000000000001,347580.244,4737253.585,OTH
21440243,0.03344370860927148,1,0.030999999999999917,1.373,Plat,0,0.001,0.109,347349.259,4737281.236,OTH
21440244,0.13196286472148544,2.3333333333333335,0.15999999999999992,1.123,Plat,0,0.22375,0.257,347624.739,4737313.224,OTH
21440245,0.2067706604712911,0.16666666666666666,0.026000000000000023,1.288,Pond,0.023,0.053,0.052,348039.943,4737038.058,OTH
21440246,1,501.5,0.06499999999999995,1.235,Pond,0.114,0.146,0.104,347887.76,4737208.433,OTH
21440247,0.86264100862641,0.5,0.020000000000000018,1.292,Pond,0.06,0.087,0.059,348105.605,4737095.109,OTH
21440248,6.642311524410749e-4,0.3333333333333333,0.006000000000000005,1.596,Edge,0,0,0.026,347754.985,4736907.544,OTH
21440249,0.3524726186525058,3.8333333333333335,0.42599999999999993,0.505,Ditch,0.3881999999999999,0.7824000000000001,0.6945,347940.447,4737038.3,OTH
21440250,0.10494852208568584,2,0.1319999999999999,1.224,Plat,0.007,0.155,0.19825000000000004,347782.856,4736943.157,OTH
21071951,0.17815774958632102,2.5,0.09700000000000003,0.417,Plat,0.011,0.17575000000000002,0.1915,328463.012,4597497.347,WES
21071954,0.56150027578599,7,0.315,-0.081,Ditch,0.428,0.605,0.49124999999999996,328497.102,4597502.814,WES
21384536,0.11719181868435602,1.6666666666666667,0.07099999999999995,0.526,Plat,0,0.112,0.1695,328757.177,4597305.049,WES
21384571,0.04328523862375133,1.8333333333333333,0.03949999999999998,0.614,Plat,0,0.01,0.121,328753.416,4597285.678,WES
21384576,0.13228389947528307,2,0.06999999999999995,0.483,Plat,0,0.126,0.1695,328850.958,4597470.05,WES
21384591,0.1726996407847472,2.6666666666666665,0.08650000000000008,0.457,Plat,0,0.1630999999999999,0.182,328792.399,4597407.405,WES
21384595,0.18951724137931036,2.8333333333333335,0.09999999999999998,0.393,Plat,0.012,0.186,0.193,328550.331,4597539.68,WES
21384618,0.18889809444904726,2.8333333333333335,0.08900000000000002,0.446,Plat,0.009,0.174,0.181,328807.902,4597482.625,WES
21384635,0.09701492537313428,1.9166666666666667,0.07299999999999995,0.474,Plat,0,0.09114999999999963,0.165,328756.038,4597298.598,WES
21384636,0.13918806959403485,2.0833333333333335,0.07299999999999995,0.498,Plat,0,0.131,0.16825,328814.461,4597501.77,WES
21384644,0.16468965517241374,2.5,0.08500000000000002,0.465,Plat,0,0.159,0.182,328590.871,4597556.939,WES
21384647,0.012969094922737345,1.8333333333333333,0.05499999999999994,0.731,Edge,0,0,0.11549999999999999,328853.184,4597467.416,WES
21384654,0.14900110987791348,2.3333333333333335,0.07999999999999996,0.487,Plat,0,0.1446999999999998,0.174,328757.015,4597337.84,WES
21384656,0.16721945826423434,2.5,0.08199999999999996,0.49,Plat,0,0.158,0.178,328750.274,4597367.388,WES
21384658,0.15399556048834628,2.3333333333333335,0.07899999999999996,0.479,Plat,0.002,0.146,0.1775,328751.237,4597359.197,WES
21384660,0.15912851627137337,2.3333333333333335,0.08299999999999996,0.479,Plat,0.001,0.154,0.184,328515.264,4597501.306,WES
21384665,0.15908464295561064,2.3333333333333335,0.08200000000000002,0.451,Plat,0,0.154,0.183,328458.873,4597470.373,WES
21384670,0.1137807235570284,1.8333333333333333,0.07099999999999995,0.483,Plat,0,0.109,0.17125,328836.263,4597466.484,WES
21384682,0.1519580805295091,2.3333333333333335,0.08100000000000002,0.436,Plat,0,0.148,0.1825,328507.778,4597519.659,WES
21384699,0.19452887537993924,2.8333333333333335,0.09600000000000003,0.463,Plat,0.01540000000000009,0.183,0.18625000000000003,328834.879,4597288.036,WES
21410921,1,604.5,0.523,-0.512,Creek,0.88,1.059,0.8225,328437.183,4597466.99,WES
21410924,0.9762824048538334,12.5,0.44899999999999995,-0.398,Creek,0.792,0.965,0.739,328506.636,4597488.027,WES
21410927,0.4819110742888705,6,0.262,0.076,Creek,0.333,0.499,0.408,328796.558,4597492.113,WES
21410928,0.1414782129067843,2.1666666666666665,0.07399999999999995,0.47,Plat,0,0.13675,0.174,328490.331,4597507.671,WES
21410929,1,604.8333333333334,0.623,-0.557,Creek,0.986,1.1576,0.924,328794.758,4597415.793,WES
21410932,0.7200884222160817,8.833333333333334,0.383,-0.398,Creek,0.583,0.7551,0.604,328842.776,4597270.879,WES
21410933,0.45048275862068965,5.833333333333333,0.238,0.069,Creek,0.29,0.467,0.38,328577.52,4597548.789,WES
21410972,1,603.5,0.02799999999999997,0.447,Pond,0.057,0.173,0.054,328820.997,4597503.882,WES
21411051,0.20904578047435185,3,0.10799999999999998,0.405,Plat,0.032,0.20775,0.20274999999999999,328476.854,4597495.028,WES
21411058,0.14124137931034486,2.1666666666666665,0.07250000000000001,0.482,Plat,0,0.13379999999999975,0.17324999999999996,328566.257,4597547.471,WES
21411061,0.16786903440621537,2.4166666666666665,0.08299999999999996,0.487,Plat,0,0.158,0.178,328802.539,4597376.809,WES
21411074,0.15915998894722294,2.3333333333333335,0.07799999999999996,0.499,Plat,0,0.14609999999999992,0.1735,328814.622,4597345.512,WES
21411121,0.013245033112582738,1.8333333333333333,0.06399999999999995,0.731,Edge,0,0,0.11775000000000001,328854.742,4597478.874,WES
21440242,0.14743235781336284,2.3333333333333335,0.07399999999999995,0.495,Plat,0,0.13694999999999982,0.172,328781.391,4597491.586,WES
21440243,0.3162393162393162,4.333333333333333,0.17099999999999999,0.271,Plat,0.146,0.324,0.272,328445.821,4597470.089,WES
21440244,0.10758620689655174,1.6666666666666667,0.07099999999999995,0.483,Plat,0,0.10179999999999972,0.16975,328554.322,4597520.362,WES
21440245,0.13292884721456155,2,0.07,0.465,Plat,0,0.125,0.16875,328487.295,4597489.29,WES
21440246,0.10190555095277543,1.9166666666666667,0.07199999999999995,0.497,Plat,0,0.096,0.169,328831.63,4597475.7,WES
21440247,0.15034482758620693,2.25,0.07900000000000001,0.459,Plat,0,0.145,0.178,328583.529,4597540.141,WES
21440248,1,603.5,0.04299999999999998,0.391,Pond,0.071,0.185,0.069,328841.837,4597476.098,WES
21440249,0.16524137931034488,2.5,0.08599999999999997,0.469,Plat,0,0.158,0.182,328523.966,4597530.745,WES
21440250,0.1819685690653433,2.6666666666666665,0.09300000000000003,0.448,Plat,0,0.1756999999999998,0.18625000000000003,328537.266,4597538.728,WES
20358395,0.24492234169653526,3.0833333333333335,0.31199999999999994,0.864,Creek,0.136,0.5709499999999997,0.5337500000000001,417237.336,4637428.955,WEL
21071951,0.39924332935085627,4.666666666666667,0.5669999999999997,0.415,Creek,0.5876000000000003,1.0169499999999996,0.853,416696.51,4637173.636,WEL
21071954,0.45280764635603343,5.333333333333333,0.665,0.277,Creek,0.7598000000000001,1.2059499999999999,0.98675,416915.856,4637422.493,WEL
21384536,0.2640382317801673,0.8333333333333334,0.15749999999999997,1.056,Plat,0.047,0.464,0.41575,416843.375,4636956.33,WEL
21384576,0.03325368379131821,1.3333333333333333,0.07099999999999995,1.529,Plat,0.008,0.013,0.1735,417059.581,4637105.215,WEL
21384591,0.00915969733174038,0.8333333333333334,0.05400000000000005,1.746,Plat,0.007,0.013,0.1605,417073.374,4637081.087,WEL
21384595,0.07168458781362008,1.5,0.14850000000000008,1.401,Plat,0.005,0.09894999999999982,0.2605,417243.206,4637429.654,WEL
21384618,0.16268418956591002,2.5,0.20850000000000013,1.14,Plat,0.003,0.3439499999999998,0.384,416739.296,4637151.983,WEL
21384635,0.07745917960971727,1.6666666666666667,0.1419999999999999,1.35,Plat,0.007,0.11694999999999983,0.262,416780.932,4637138.3,WEL
21384636,0.01055356431700516,0.8333333333333334,0.04899999999999993,1.712,Plat,0.004,0.012,0.15,417064.834,4637090.901,WEL
21384644,5.973715651135247e-4,0.5,0.014000000000000012,1.906,Edge,0.001,0.005,0.036000000000000004,417308.853,4637448.706,WEL
21384647,0.05416168857029069,1.8333333333333333,0.1120000000000001,1.448,Plat,0.005,0.03,0.18924999999999997,416843.959,4636996.535,WEL
21384654,0.10951812027080843,2.1666666666666665,0.1905000000000001,1.21,Plat,0.002,0.228,0.34225000000000005,417254.679,4637429.344,WEL
21384656,3.9824771007568316e-4,0.3333333333333333,0.009499999999999842,1.95,Edge,0.003,0.006,0.033249999999999995,417080.843,4637056.865,WEL
21384660,0.15690959776981284,1.3333333333333333,0.16399999999999992,1.203,Plat,0.017,0.29,0.3315,416838.478,4636965.103,WEL
21384665,0.011350059737156526,0.3333333333333333,0.0029999999999998916,1.804,Plat,0.005,0.014,0.047,417080.727,4637059.362,WEL
21384670,0.026284348864993978,0.8333333333333334,0.03600000000000003,1.586,Plat,0.006,0.016,0.13875,416864.262,4637067.658,WEL
21384682,0.04918359219434487,1.6666666666666667,0.11449999999999982,1.462,Plat,0.008,0.02,0.2025,416794.528,4637133.623,WEL
21384699,0.09936280366387895,2,0.16500000000000004,1.257,Plat,0,0.184,0.314,416711.34,4637161.537,WEL
21410921,1,837,0.07699999999999996,0.635,Creek,0.3608000000000002,0.7829499999999998,0.22975,416845.117,4636955.183,WEL
21410924,0.5569494225408205,0.5,0.050999999999999934,0.684,Creek,0.34880000000000017,0.8029499999999999,0.509,417057.001,4637109.25,WEL
21410927,0.09378733572281961,0.5,0.004999999999999893,1.598,Plat,0.014,0.025,0.032,416884.433,4637430.287,WEL
21410928,0.15073675826363997,2.4166666666666665,0.21900000000000008,1.139,Plat,0.01,0.32589999999999963,0.387,416853.593,4637438.09,WEL
21410929,0.010752688172043001,0.3333333333333333,0.053999999999999826,1.685,Plat,0.011,0.014,0.167,416898.784,4637423.924,WEL
21410932,0.053365193150139434,1.5,0.11599999999999988,1.473,Plat,0.008,0.027,0.20425,416863.648,4637437.742,WEL
21410933,0.028673835125448077,0.8333333333333334,0.05549999999999988,1.572,Plat,0.007,0.015,0.15625,416908.619,4637423.062,WEL
21410972,1,837,0.052000000000000046,1.553,Pond,0.08,0.102,0.079,417073.446,4637066.648,WEL
21411051,0.02927120669056149,0.6666666666666666,0.0029999999999998916,1.716,Plat,0.009,0.017,0.042499999999999996,417065.152,4637083.822,WEL
21411058,0.008164078056551172,1,0.07600000000000007,1.692,Plat,0.005,0.01,0.16,417074.993,4637063.917,WEL
21411061,0.028275587415372394,1.1666666666666667,0.06150000000000011,1.557,Plat,0,0.011949999999999818,0.1625,417277.322,4637438.58,WEL
21411074,0.09199522102747915,2.1666666666666665,0.026999999999999913,1.476,Plat,0.007,0.042949999999999815,0.124,416946.154,4637053.346,WEL
21411121,0.10035842293906805,1.8333333333333333,0.16700000000000004,1.297,Plat,0.012,0.187,0.3085,416775.276,4637148.875,WEL
21440242,0.01055356431700516,1,0.07400000000000007,1.64,Plat,0.009,0.012,0.171,416808.258,4637129.05,WEL
21440243,0.0356431700517722,1.5,0.08349999999999991,1.444,Plat,0.011,0.015,0.173,416855.078,4637033.955,WEL
21440244,0.0732775786539227,1.6666666666666667,0.139,1.396,Plat,0.006,0.10189999999999963,0.25325,416722.207,4637154.37,WEL
21440245,0.1318199920350458,2.1666666666666665,0.21300000000000008,1.199,Plat,0.008,0.296,0.36924999999999997,417058.355,4637107.832,WEL
21440246,1,837,0.2489999999999999,1.257,Pond,0.291,0.296,0.289,416861.893,4637077.904,WEL
21440247,0.25766626841895657,3.1666666666666665,0.3154999999999999,0.889,Plat,0.1558000000000002,0.583,0.534,416699.613,4637169.755,WEL
21440248,0.14755077658303462,2.5,0.20700000000000007,1.173,Plat,0.01,0.3128999999999996,0.368,416756.812,4637145.49,WEL
21440249,0.0011947431302270495,0.5,0.028999999999999915,1.854,Edge,0.013,0.015,0.057749999999999996,416819.041,4637125.536,WEL
21440250,0.02369573874950215,0.6666666666666666,0.040000000000000036,1.617,Plat,0.007,0.015,0.1535,417293.324,4637441.705,WEL
